{
  "dim": 48,
  "lr": 0.008763230292428939,
  "reg": 3.489018845491388e-06,
  "epochs": 6,
  "max_sampled": 5,
  "dropout": 0.006505159298527952
}